{
  "apkFileName": "com.slipkprojects.sockshttp_src.apk",
  "PackageInfo": {
    "forcedPackageId": "127",
    "renameManifestPackage": null
  },
  "doNotCompress": [
    "resources.arsc",
    "META-INF/services/kotlinx.coroutines.internal.n",
    "META-INF/services/z9.y",
    "assets/dexopt/baseline.prof",
    "assets/dexopt/baseline.profm",
    "png"
  ],
  "compressionType": false,
  "sparseResources": false,
  "version": "2.4.0-250315",
  "sharedLibrary": false,
  "VersionInfo": {
    "versionName": "1.1.8",
    "versionCode": "82"
  },
  "UsesFramework": {
    "ids": [1],
    "tag": null
  },
  "unknownFiles": {
    "META-INF/androidx.preference_preference.version": "0",
    "META-INF/com.google.dagger_hilt-android.version": "0",
    "META-INF/androidx.localbroadcastmanager_localbroadcastmanager.version": "0",
    "org/conscrypt/conscrypt.properties": "8",
    "META-INF/androidx.lifecycle_lifecycle-viewmodel-savedstate.version": "0",
    "META-INF/androidx.transition_transition.version": "0",
    "META-INF/androidx.work_work-runtime.version": "0",
    "META-INF/androidx.appcompat_appcompat.version": "0",
    "META-INF/com.google.dagger_dagger.version": "0",
    "google/protobuf/field_mask.proto": "8",
    "firebase-components.properties": "8",
    "META-INF/androidx.lifecycle_lifecycle-service.version": "0",
    "META-INF/androidx.print_print.version": "0",
    "google/protobuf/duration.proto": "8",
    "google/protobuf/type.proto": "8",
    "META-INF/androidx.lifecycle_lifecycle-process.version": "0",
    "META-INF/androidx.activity_activity.version": "0",
    "google/protobuf/api.proto": "8",
    "META-INF/androidx.customview_customview.version": "0",
    "google/protobuf/source_context.proto": "8",
    "google/protobuf/empty.proto": "8",
    "firebase-analytics.properties": "8",
    "META-INF/androidx.documentfile_documentfile.version": "0",
    "app_prefs.proto": "8",
    "play-services-measurement-impl.properties": "8",
    "META-INF/com.google.dagger_dagger-lint-aar.version": "0",
    "META-INF/androidx.loader_loader.version": "0",
    "firebase-encoders-proto.properties": "8",
    "META-INF/androidx.lifecycle_lifecycle-livedata.version": "0",
    "META-INF/androidx.lifecycle_lifecycle-runtime.version": "0",
    "META-INF/androidx.room_room-runtime.version": "0",
    "firebase-annotations.properties": "8",
    "META-INF/androidx.core_core-ktx.version": "0",
    "play-services-measurement-sdk-api.properties": "8",
    "profile_ssh.proto": "8",
    "META-INF/androidx.viewpager_viewpager.version": "0",
    "META-INF/androidx.emoji2_emoji2-views-helper.version": "0",
    "META-INF/androidx.recyclerview_recyclerview.version": "0",
    "firebase-encoders.properties": "8",
    "META-INF/androidx.tracing_tracing.version": "0",
    "google/protobuf/wrappers.proto": "8",
    "META-INF/androidx.cardview_cardview.version": "0",
    "META-INF/androidx.startup_startup-runtime.version": "0",
    "META-INF/androidx.coordinatorlayout_coordinatorlayout.version": "0",
    "client_analytics.proto": "8",
    "kotlin-tooling-metadata.json": "8",
    "user-messaging-platform.properties": "8",
    "META-INF/com.google.android.material_material.version": "0",
    "play-services-ads-identifier.properties": "8",
    "META-INF/kotlinx_coroutines_core.version": "0",
    "META-INF/androidx.window_window.version": "0",
    "META-INF/androidx.datastore_datastore.version": "0",
    "play-services-tasks.properties": "8",
    "META-INF/androidx.savedstate_savedstate-ktx.version": "0",
    "META-INF/androidx.lifecycle_lifecycle-livedata-core.version": "0",
    "META-INF/androidx.cursoradapter_cursoradapter.version": "0",
    "META-INF/androidx.databinding_viewbinding.version": "0",
    "META-INF/androidx.annotation_annotation-experimental.version": "0",
    "google/protobuf/compiler/plugin.proto": "8",
    "META-INF/androidx.drawerlayout_drawerlayout.version": "0",
    "META-INF/androidx.datastore_datastore-preferences.version": "0",
    "DebugProbesKt.bin": "8",
    "META-INF/androidx.versionedparcelable_versionedparcelable.version": "0",
    "play-services-measurement-api.properties": "8",
    "play-services-measurement-base.properties": "8",
    "META-INF/androidx.savedstate_savedstate.version": "0",
    "META-INF/androidx.interpolator_interpolator.version": "0",
    "META-INF/androidx.activity_activity-ktx.version": "0",
    "META-INF/androidx.fragment_fragment.version": "0",
    "META-INF/androidx.lifecycle_lifecycle-livedata-core-ktx.version": "0",
    "transport-api.properties": "8",
    "META-INF/kotlinx_coroutines_android.version": "0",
    "google/protobuf/struct.proto": "8",
    "META-INF/androidx.sqlite_sqlite.version": "0",
    "META-INF/com/android/build/gradle/app-metadata.properties": "8",
    "META-INF/androidx.legacy_legacy-support-core-utils.version": "0",
    "META-INF/androidx.vectordrawable_vectordrawable.version": "0",
    "play-services-measurement.properties": "8",
    "play-services-ads-lite.properties": "8",
    "META-INF/androidx.fragment_fragment-ktx.version": "0",
    "META-INF/kotlinx_coroutines_play_services.version": "0",
    "META-INF/androidx.appcompat_appcompat-resources.version": "0",
    "google/protobuf/any.proto": "8",
    "META-INF/androidx.sqlite_sqlite-framework.version": "0",
    "META-INF/androidx.lifecycle_lifecycle-viewmodel.version": "0",
    "META-INF/androidx.core_core.version": "0",
    "META-INF/androidx.core_core-splashscreen.version": "0",
    "firebase-analytics-ktx.properties": "8",
    "play-services-basement.properties": "8",
    "firebase-measurement-connector.properties": "8",
    "META-INF/androidx.arch.core_core-runtime.version": "0",
    "META-INF/androidx.lifecycle_lifecycle-livedata-ktx.version": "0",
    "META-INF/androidx.emoji2_emoji2.version": "0",
    "META-INF/androidx.slidingpanelayout_slidingpanelayout.version": "0",
    "META-INF/androidx.vectordrawable_vectordrawable-animated.version": "0",
    "play-services-stats.properties": "8",
    "META-INF/androidx.lifecycle_lifecycle-runtime-ktx.version": "0",
    "META-INF/androidx.lifecycle_lifecycle-viewmodel-ktx.version": "0",
    "google/protobuf/descriptor.proto": "8",
    "play-services-measurement-sdk.properties": "8",
    "firebase-installations-interop.properties": "8",
    "META-INF/androidx.dynamicanimation_dynamicanimation.version": "0",
    "META-INF/androidx.viewpager2_viewpager2.version": "0",
    "META-INF/com.google.dagger_hilt-core.version": "0",
    "google/protobuf/timestamp.proto": "8",
    "play-services-ads-base.properties": "8"
  },
  "apkFilePath": "/storage/emulated/0/Telegram/Telegram Files/com.slipkprojects.sockshttp.apk",
  "compactEntries": false,
  "isFrameworkApk": false,
  "sdkInfo": {
    "minSdkVersion": "21",
    "targetSdkVersion": "33"
  }
}